{
  "dataset_version": "victsd_v1",
  "model": "TFIDF_LR",
  "validation": {
    "macro_f1": 0.6926598455501045,
    "f1_toxic": 0.46184738955823296,
    "f1_clean": 0.923472301541976,
    "confusion_matrix": [
      [
        1617,
        151
      ],
      [
        117,
        115
      ]
    ],
    "classification_report": {
      "0": {
        "precision": 0.9325259515570934,
        "recall": 0.9145927601809954,
        "f1-score": 0.923472301541976,
        "support": 1768.0
      },
      "1": {
        "precision": 0.4323308270676692,
        "recall": 0.4956896551724138,
        "f1-score": 0.46184738955823296,
        "support": 232.0
      },
      "accuracy": 0.866,
      "macro avg": {
        "precision": 0.6824283893123813,
        "recall": 0.7051412076767046,
        "f1-score": 0.6926598455501045,
        "support": 2000.0
      },
      "weighted avg": {
        "precision": 0.8745033171163202,
        "recall": 0.866,
        "f1-score": 0.8699238117518618,
        "support": 2000.0
      }
    }
  },
  "test": {
    "macro_f1": 0.7043434633027523,
    "f1_toxic": 0.484375,
    "f1_clean": 0.9243119266055045,
    "confusion_matrix": [
      [
        806,
        84
      ],
      [
        48,
        62
      ]
    ],
    "classification_report": {
      "0": {
        "precision": 0.9437939110070258,
        "recall": 0.9056179775280899,
        "f1-score": 0.9243119266055045,
        "support": 890.0
      },
      "1": {
        "precision": 0.4246575342465753,
        "recall": 0.5636363636363636,
        "f1-score": 0.484375,
        "support": 110.0
      },
      "accuracy": 0.868,
      "macro avg": {
        "precision": 0.6842257226268006,
        "recall": 0.7346271705822267,
        "f1-score": 0.7043434633027523,
        "support": 1000.0
      },
      "weighted avg": {
        "precision": 0.8866889095633762,
        "recall": 0.868,
        "f1-score": 0.875918864678899,
        "support": 1000.0
      }
    }
  }
}